{
    "Intake Lunar Regolith Module": {
        "ratio_scale": [
            54.4341063249728,
            46.83911452090952,
            59.90642190769779,
            66.82463058809905,
            46.33505849203847,
            50.41437180989763,
            52.596506877801716,
            36.23660013299817,
            36.41320197796055,
            0.0,
            100.0
        ],
        "ri_scale": [
            0.12096467732644789,
            0.10408691823565436,
            0.13312537828001778,
            0.14849917491600373,
            0.1029667937584961,
            0.11203193421037365,
            0.11688112311403434,
            0.08052577581281403,
            0.08091822434615807
        ],
        "new_rank": [
            "OM",
            "O4",
            "O3",
            "O1",
            "O7",
            "O6",
            "O2",
            "O5",
            "O9",
            "O8",
            "OZ"
        ],
        "confidence_intervals": [
            15.148066343175797,
            18.49772638604594,
            12.85333062928929,
            10.143915624391086,
            18.890475175558837,
            16.88773371781835,
            15.924760620862202,
            23.72351932646557,
            23.394014318030834,
            0.16402077908851262,
            44.56661804763832
        ],
        "p_consistency": 0.6891252955082742,
        "w_consistency": 0.2571601026105327
    },
    "Deploy Empty RCU Module": {
        "ratio_scale": [
            50.05565474891739,
            63.534307249930556,
            67.04418532305652,
            48.08668086284868,
            47.332327505688596,
            50.92691358085936,
            32.65756329206185,
            40.36250416551717,
            0.0,
            100.0
        ],
        "ri_scale": [
            0.125139094096973,
            0.1588357138312532,
            0.16761040601468352,
            0.1202166610643981,
            0.11833077831613448,
            0.12731724043228915,
            0.08164388032246381,
            0.10090622592180476
        ],
        "new_rank": [
            "OM",
            "O3",
            "O2",
            "O6",
            "O1",
            "O4",
            "O5",
            "O8",
            "O7",
            "OZ"
        ],
        "confidence_intervals": [
            16.7997203313673,
            11.122931789223077,
            9.550304064671638,
            18.002242808348875,
            18.169262576768823,
            16.461847213345074,
            25.48791439065136,
            21.4323698526249,
            0.18735946665368922,
            45.84501735756437
        ],
        "p_consistency": 0.7127659574468085,
        "w_consistency": 0.3108926685205544
    },
    "Interface with and Secure RCU Module": {
        "ratio_scale": [
            57.39002576372616,
            49.175767110437036,
            64.19485267896022,
            70.06811225145374,
            50.45521274485982,
            48.006900386680044,
            55.009168389842685,
            47.03662493515213,
            46.72506973916667,
            32.644570310491034,
            29.29380454982066,
            0.0,
            100.0
        ],
        "ri_scale": [
            0.10434548073566463,
            0.08941046795847406,
            0.11671789085996681,
            0.127396542514529,
            0.09173673228790002,
            0.087285256154101,
            0.1000166500035839,
            0.0855211193186775,
            0.08495465543809591,
            0.05935375245310276,
            0.05326145227590461
        ],
        "new_rank": [
            "OM",
            "O4",
            "O3",
            "O1",
            "O7",
            "O5",
            "O2",
            "O6",
            "O8",
            "O9",
            "O10",
            "O11",
            "OZ"
        ],
        "confidence_intervals": [
            13.657545372823671,
            17.054725749448828,
            11.151834210409493,
            9.11542809451118,
            16.77705732418725,
            17.59902577379558,
            14.676827071670086,
            18.134126826191007,
            18.335766649941235,
            24.62290884830631,
            26.049075425838947,
            0.13590673455711333,
            41.71177833781988
        ],
        "p_consistency": 0.73036750483559,
        "w_consistency": 0.33204658627927075
    },
    "Transport RCU to Desired Pose Module": {
        "ratio_scale": [
            58.92046319421116,
            46.47496183016786,
            62.81697831070967,
            67.55357486426746,
            48.87523587566545,
            45.54636626577395,
            51.54893845824138,
            49.29008752989633,
            47.1349310143372,
            39.61104840070063,
            40.81227777336692,
            41.415309625754595,
            0.0,
            100.0
        ],
        "ri_scale": [
            0.0982007436523845,
            0.07745824736467893,
            0.10469493363917513,
            0.11258925895035828,
            0.08145870295275617,
            0.0759105885372998,
            0.08591487263779105,
            0.0821501221769502,
            0.07855819568754707,
            0.06601839495011927,
            0.06802044332682834,
            0.06902549612411121
        ],
        "new_rank": [
            "OM",
            "O4",
            "O3",
            "O1",
            "O7",
            "O8",
            "O5",
            "O9",
            "O2",
            "O6",
            "O12",
            "O11",
            "O10",
            "OZ"
        ],
        "confidence_intervals": [
            13.323782879051098,
            18.365044982449177,
            11.89457806514474,
            10.138393150183399,
            17.43087523060444,
            18.79837016301364,
            16.2667570595509,
            17.21024757339032,
            18.180240905904125,
            21.313603250921613,
            20.787676184801164,
            20.51693216418156,
            0.11958366827055643,
            40.95974929080679
        ],
        "p_consistency": 0.6611863313990974,
        "w_consistency": 0.20438637867338638
    }
}